<?xml version="1.0" encoding="UTF-8"?>
<!DOCTYPE mapper
	PUBLIC "-//mybatis.org//DTD Mapper 3.0//EN"
	"http://mybatis.org/dtd/mybatis-3-mapper.dtd">

	<mapper namespace="web.howmany.mapper.BoardMapper">
	
	
	<!-- id 를 BoardMapper java와 일치시켜 주는게 포인트!! -->
	
	<!-- 리스트 받는방법!!! 중요!!! -->
	<!-- 
	<select id="board_list" resultType="web.howmany.domain.BoardVO">
		<![CDATA[
			select * from howmany_board 
			where board_no > 0 
			order by board_no desc
		]]>
	</select>
	 -->
	 
	<!-- sql 태그 이용 sql 일부 보관해서 include를 통해 이용 -->
	<sql id="criteria">
		<trim prefix="(" suffix=") AND " prefixOverrides="OR">
				<foreach item ='type' collection="typeArr">
					<trim prefix="OR">
						<choose>
							<when test="type == 'T'.toString()">
								board_name like '%'||#{keyword}||'%'
							</when>
							<when test="type == 'C'.toString()">
								board_content like '%'||#{keyword}||'%'
							</when>
							<when test="type == 'W'.toString()">
								board_writer like '%'||#{keyword}||'%'
							</when>
						</choose>
					</trim>
				</foreach>	
			</trim>
	</sql> 
	 
	<!-- 기본타입은 그냥 int -->
	<select id="board_count" resultType="int">
		select count(*) 
		from howmany_board 
		where
			<include refid="criteria"></include>
		 	board_no > 0
	</select>
	
	
	<!-- 리스트와 페이징 -->
	<select id="board_list" resultType="web.howmany.domain.BoardVO">
		<![CDATA[
			select 
				board_no, board_writer, board_name ,board_content ,board_date 
			from(
				select /*+INDEX_DESC(howmany_board pk_board) */
					rownum rn, board_no, board_writer, board_name ,board_content ,board_date
				from howmany_board
				where
		]]>
		
		<include refid="criteria"></include>
		
		<![CDATA[
			rownum <= #{pageNum} * #{amount}
				)
			where rn > ( #{pageNum} -1 ) * #{amount}
		]]>
	</select>
	
	
	
	<!-- 글 읽기 -->
	<select id="board_view" resultType="web.howmany.domain.BoardVO">
		select * from howmany_board where board_no = #{board_no}
	</select>
	
	<!-- 글 삽입 -->
	<insert id="board_insert">
		insert into howmany_board (board_no, board_writer, board_name, board_content, board_date)
		values(board_no.nextval,#{board_writer},#{board_name},#{board_content},sysdate)
	</insert>
	
	<!-- 글 수정 -->
	<update id="board_update">
		update howmany_board
		set 
		board_name=#{board_name},
		board_content=#{board_content},
		board_date=sysdate
		where board_writer=#{board_writer} and board_no=#{board_no}
	</update>
	
	<!-- 글 삭제 -->
	<delete id="board_delete">
		delete from howmany_board where board_no = #{board_no}
	</delete>
</mapper>