<?xml version="1.0" encoding="UTF-8"?>
<!DOCTYPE mapper
	PUBLIC "-//mybatis.org//DTD Mapper 3.0//EN"
	"http://mybatis.org/dtd/mybatis-3-mapper.dtd">

	<mapper namespace="web.howmany.mapper.ReplyMapper">
	
	<!-- 글 읽기 -->
	<select id="reply_view" resultType="web.howmany.domain.ReplyVO">
		select * from howmany_board_reply where reply_no = #{reply_no}
	</select>
	
	<!-- 글 삽입 -->
	<insert id="reply_insert">
		insert into howmany_board_reply (reply_no ,board_no, reply_writer, reply_content)
		values(reply_no.nextval, #{board_no}, #{reply_writer},#{reply_content})
	</insert>
	
	<!-- 글 수정 -->
	<update id="reply_update">
		update howmany_board_reply
		set 
		reply_content=#{reply_content},
		reply_update_date=sysdate
		where reply_no = #{reply_no}
	</update>
	
	<!-- 글 삭제 -->
	<delete id="reply_delete">
		delete from howmany_board_reply where reply_no = #{reply_no}
	</delete>
	
	<!-- 리스트 페이징 -->
	<select id="reply_list" resultType="web.howmany.domain.ReplyVO">
		<![CDATA[
			select reply_no ,board_no ,reply_content ,reply_writer ,reply_date ,reply_update_date 
			from (
				select /*+INDEX(howmany_board_reply idx_reply)*/
				rownum rn, reply_no ,board_no ,reply_content ,reply_writer ,reply_date ,reply_update_date 
				from howmany_board_reply
				where board_no = #{board_no}
				and reply_no > 0
				and rownum <= #{cri.pageNum} * #{cri.amount}
			)where rn > (#{cri.pageNum} -1 ) * #{cri.amount}
			
		]]>
	</select>
	
	<select id="reply_count" resultType="int">
		<![CDATA[
			select count(reply_no) from howmany_board_reply where board_no = #{board_no}
		]]>
	</select>
</mapper>