<?xml version="1.0" encoding="UTF-8"?>
<!DOCTYPE mapper
	PUBLIC "-//mybatis.org//DTD Mapper 3.0//EN"
	"http://mybatis.org/dtd/mybatis-3-mapper.dtd">

	<mapper namespace="web.howmany.mapper.UpsoMapper">
	
	
	<!-- bigcitysVO 데이터 받기 -->
	<select id="bigcitys_list" resultType="web.howmany.upso.BigcitysVO">
		<![CDATA[
			select * from bigcitys
		]]>
	</select>
	
	<!-- bigupjongsVO 데이터 받기 -->
	<select id="bigupjongs_list" resultType="web.howmany.upso.BigupjongsVO">
		<![CDATA[
			select * from bigupjongs
		]]>
	</select>
	
	<!-- local_situationVO 데이터 받기 -->
	<select id="local_situation_list" resultType="web.howmany.upso.Local_situationVO">
		<![CDATA[
			select * from local_situation
		]]>
	</select>
	
	<!-- salesVO 데이터 받기 -->
	<select id="sales_list" resultType="web.howmany.upso.SalesVO">
		<![CDATA[
			select * from sales
		]]>
	</select>
	
	<!-- smallcitysVO 데이터 받기 -->
	<select id="smallcitys_list" resultType="web.howmany.upso.SmallcitysVO">
		<![CDATA[
			select * from smallcitys
			where #{city_value} = city_value
		]]>
	</select>
	
	<!-- smallupjongsVO 데이터 받기 -->
	<select id="smallupjongs_list" resultType="web.howmany.upso.SmallupjongsVO">
		<![CDATA[
			select * from smallupjongs
			where #{upjong_value} = upjong_value
		]]>
	</select>
	
	<!-- upsoVO 데이터 받기 -->
	<select id="upso_list" resultType="web.howmany.upso.UpsoVO">
		<![CDATA[
			select * from upso
		]]>
	</select> 
	
	<!-- 여러 값을 넘겨줄 때는 mapper 인터페이스 부분에 각각 @Param해주어야함! -->
	<!-- change_sales_graph 데이터 받기 -->
	<select id="change_sales_graph" resultType="web.howmany.upso.SalesVO">
		<![CDATA[
			select * from sales
			where #{city_value} = city_value and
			#{upjong_value} = upjong_value and
			#{cno} = cno and
			#{uno} = uno
		]]>
	</select>
	
	
	<select id="change_upso_graph" resultType="web.howmany.upso.UpsoVO">
		<![CDATA[
			select * from upso
			where #{city_value} = city_value and
			#{upjong_value} = upjong_value and
			#{cno} = cno and
			#{uno} = uno
		]]>
	</select>
	
	
	<select id="change_local_situation_graph" resultType="web.howmany.upso.Local_situationVO">
		<![CDATA[
			select * from local_situation
			where #{city_value} = city_value and
			#{upjong_value} = upjong_value and
			#{cno} = cno and
			#{uno} = uno
		]]>
	</select>
	
	
	<!-- get population stauts -->
	<select id="get_population_data" resultType="web.howmany.domain.Population_dataVO">
		<![CDATA[
			select * from population_data
		]]>
	</select>
	
		<!-- get population stauts -->
	<select id="get_population_list" resultType="web.howmany.domain.Population_dataVO">
		<![CDATA[
			select * from population_data
			where #{camera_id} = camera_id
		]]>
	</select>
	
	<!-- get camera stauts -->
	<select id="get_camera_status" resultType="web.howmany.domain.Camera_statusVO">
		<![CDATA[
			select * from camera_status
		]]>
	</select>
</mapper>