<?xml version="1.0" encoding="UTF-8"?>
<!DOCTYPE mapper
	PUBLIC "-//mybatis.org//DTD Mapper 3.0//EN"
	"http://mybatis.org/dtd/mybatis-3-mapper.dtd">

	<mapper namespace="web.howmany.mapper.UserMapper">
	
	
	<!-- id 를 BoardMapper java와 일치시켜 주는게 포인트!! -->
	<select id="user_login" resultType="web.howmany.domain.UserVO">
		select * from howmany_user where user_id = #{user_id} and user_password = #{user_password}
	</select>
	
	<!-- 회원가입 -->
	<insert id="user_register">
		insert into howmany_user(user_id, user_password, user_name, user_tel, user_location, user_lv)
		values(#{user_id},#{user_password},#{user_name},#{user_tel},#{user_location},#{user_lv})
	</insert>
	
	<!-- 중복검사 -->
	<select id="register_valid" resultType="web.howmany.domain.UserVO">
		select * from howmany_user where user_id = #{user_id}
	</select>
	
	<!-- 유저 정보읽기 -->
	<select id="user_profile" resultType="web.howmany.domain.UserVO">
		select * from howmany_user where user_id = #{user_id}
	</select>
	
	<!-- 회원 정보 불러오기 -->
	<select id="user_list" resultType="web.howmany.domain.UserVO">
		<![CDATA[
			select * from howmany_user 
			order by user_id
		]]>
	</select>
	
	<!-- 유저 정보수정 -->
	<update id="user_update">
		update howmany_user
		set 
		user_password=#{user_password},
		user_name=#{user_name},
		user_tel=#{user_tel},
		user_location=#{user_location}
		where user_id=#{user_id}
	</update>
	
	<!-- 유저 삭제 -->
	<delete id="user_delete">
		delete from howmany_user where user_id = #{user_id}
	</delete>
	
</mapper>